STT,Code,Name,Note,SL BÁN 3 THÁNG,SL BÁN 6 THÁNG,TỒN KHO,BQ BÁN/NGÀY,NGÀY TỒN,Order Forecast
1.0,4711378880762,VM32 - KEO DÁN MI (Vacosi 3D Eyelash Primer 8ml),,1414.0,1414.0,9432.0,7.855555555555555,1200.6789250353606,
2.0,8809605877008,VK15-01 - PHẤN NƯỚC VACOSI CĂNG MỊN CHỐNG NẮNG SPF 50+ #17 SÁNG (Vacosi Flaso Cushion SPF 50+ PA+++ #17 Fair),,303.0,303.0,10418.0,1.6833333333333333,6188.910891089109,
3.0,8809605877015,VK15-02 - PHẤN NƯỚC VACOSI CĂNG MỊN CHỐNG NẮNG SPF 50+ #21 SÁNG TỰ NHIÊN (Vacosi Flaso Cushion SPF 50+ PA+++ #21 Ivory),,360.0,360.0,9098.0,2.0,4549.0,
4.0,8809399372499-01,VM22-EN01 - LÔNG MI GIẢ CHUYÊN NGHIỆP 4D (Vacosi 4D Pro EyeLashes),Bỏ mẫu,15.0,15.0,910.0,0.08333333333333333,10920.0,
5.0,8809399372499-02,VACOSI 4D PRO EYELASHES (VM22-EN02 - Lông mi giả chuyên nghiệp 4D),Bỏ mẫu,75.0,75.0,82.0,0.4166666666666667,196.79999999999998,
6.0,8809399372499-03,VM22-ED01 - LÔNG MI GIẢ CHUYÊN NGHIỆP 4D (Vacosi 4D Pro EyeLashes),Bỏ mẫu,24.0,24.0,1330.0,0.13333333333333333,9975.0,
7.0,8809399372499-04,VM22-ED02 - LÔNG MI GIẢ CHUYÊN NGHIỆP 4D (Vacosi 4D Pro EyeLashes),Bỏ mẫu,2.0,2.0,64.0,0.011111111111111112,5760.0,
8.0,8809399372499-05,VACOSI 4D PRO EYELASHES (VM22-ED03 - Lông mi giả chuyên nghiệp 4D),Bỏ mẫu,75.0,75.0,24.0,0.4166666666666667,57.599999999999994,51.0
9.0,8809399372499-06,VM22-EQ01 - LÔNG MI GIẢ CHUYÊN NGHIỆP 4D (Vacosi 4D Pro Eyelashes),Bỏ mẫu,27.0,27.0,2098.0,0.15,13986.666666666668,
10.0,8809399372499-09,VM22-EV01 - LÔNG MI GIẢ CHUYÊN NGHIỆP 4D (Vacosi 4D Pro EyeLashes),Bỏ mẫu,40.0,40.0,322.0,0.2222222222222222,1449.0,
11.0,8809399372499-10,VM22-EV02 - LÔNG MI GIẢ CHUYÊN NGHIỆP 4D (Vacosi 4D Pro EyeLashes),Bỏ mẫu,16.0,16.0,1257.0,0.08888888888888889,14141.25,
12.0,6970758099103,VM28-ZE01 - LÔNG MI GÂN TRONG VACOSI SẮC SẢO (Vacosi Zero-Band Eyelashes ZE01),Bỏ mẫu,36.0,36.0,2420.0,0.2,12100.0,
13.0,6970758099097,VM28-ZE02 LÔNG MI GÂN TRONG VACOSI CÔ DÂU (Vacosi Zero-Band Eyelashes ZE02),Bỏ mẫu,7.0,7.0,2625.0,0.03888888888888889,67500.0,
14.0,6970758093088,VM28-ZE03 - LÔNG MI GÂN TRONG VACOSI NHẸ NHÀNG (Vacosi Zero-Band Eyelashes ZE03),Bỏ mẫu,19.0,19.0,2549.0,0.10555555555555556,24148.42105263158,
15.0,6970758093095,VM28-ZE04 LÔNG MI GÂN TRONG VACOSI BÚP BÊ (Vacosi Zero-Band Eyelashes ZE04),Bỏ mẫu,4.0,4.0,2502.0,0.022222222222222223,112590.0,
16.0,6970758092951,VM28-ZE05 LÔNG MI GÂN MẢNH VACOSI TỰ NHIÊN (Vacosi Zero-Band Eyelashes ZE05),Bỏ mẫu,2.0,2.0,3136.0,0.011111111111111112,282240.0,
17.0,6970758092944,VM28-ZE06 LÔNG MI GÂN TRONG VACOSI NHẤN ĐUÔI (Vacosi Zero-Band Eyelashes ZE06),Bỏ mẫu,12.0,12.0,3550.0,0.06666666666666667,53250.0,
18.0,8809399372499-07,VACOSI 4D PRO EYELASHES (VM22-EQ02 - Lông mi giả chuyên nghiệp 4D),Bỏ mẫu,7.0,7.0,37.0,0.03888888888888889,951.4285714285714,
19.0,8809399372499-08,VACOSI 4D PRO EYELASHES (VM22-EQ03 - Lông mi giả chuyên nghiệp 4D),Bỏ mẫu,4.0,4.0,6.0,0.022222222222222223,270.0,
20.0,8809491946451,VS10 - SON LÌ MỊN MÔI #M1 7g (Vacosi Matte INK Lip Cream #M1 Pelago ),Bỏ mẫu,30.0,30.0,134.0,0.16666666666666666,804.0,
21.0,8809491946482,VS10 - SON LÌ MỊN MÔI #M2 7g (Vacosi Matte INK Lip Cream #M2 Sol ),Bỏ mẫu,3.0,3.0,0.0,0.016666666666666666,0.0,3.0
22.0,8809491946482-01,,Bỏ mẫu,3.0,3.0,0.0,0.016666666666666666,0.0,3.0
23.0,8809491946505,VS10 - SON LÌ MỊN MÔI #M3 7g (Vacosi Matte INK Lip Cream #M3 Luna ),Bỏ mẫu,21.0,21.0,912.0,0.11666666666666667,7817.142857142857,
24.0,8809491946512,VS10 - SON LÌ MỊN MÔI #M4 7g (Vacosi Matte INK Lip Cream #M4 Oram ),Bỏ mẫu,30.0,30.0,2431.0,0.16666666666666666,14586.0,
25.0,8809491946529,VS10 - SON LÌ MỊN MÔI #M5 7g (Vacosi Matte INK Lip Cream #M5 Stella ),Bỏ mẫu,33.0,33.0,899.0,0.18333333333333332,4903.636363636364,
26.0,8809491946529-01,VS10-M5-Y25 VACOSI MATTE INK LIP CREAM #M5 Stella (Son Kem VACOSI Mịn Môi #M5 Cam Gạch),Bỏ mẫu,23.0,23.0,981.0,0.12777777777777777,7677.391304347827,
27.0,8809491946444,,Bỏ mẫu,0.0,0.0,0.0,,,
28.0,8809491946468,,Bỏ mẫu,0.0,0.0,0.0,,,
29.0,8809491946499,VS11 - SON BÓNG TINT CĂNG MỌNG #G3 5g (Vacosi Glossy Tint Lip #G3 Negroni ),Bỏ mẫu,0.0,0.0,4.0,,,
30.0,8809491947397,"VS13-S1 - SON THỎI MỊN LÌ - S1 HABIT (Vacosi Matte Lipstick S1 3,5G)",Bỏ mẫu,19.0,19.0,1770.0,0.10555555555555556,16768.42105263158,
31.0,8809491947403,"VS13-S2 - SON THỎI MỊN LÌ - S2 IMPACT (Vacosi Matte Lipstick S2 3,5G)",Bỏ mẫu,38.0,38.0,2585.0,0.2111111111111111,12244.736842105263,
32.0,8809491947410,"VS13-S3 - SON THỎI MỊN LÌ - S3 STAR (Vacosi Matte Lipstick S3 3,5G)",Bỏ mẫu,55.0,55.0,2027.0,0.3055555555555556,6633.818181818181,
33.0,8809491947533,"VS14-L1 - SON KEM MỊN LÌ VACOSI - L1 DAHLIA (Vacosi Lookbook Lip Cream L1 5,5G)",Bỏ mẫu,103.0,103.0,1521.0,0.5722222222222222,2658.0582524271845,
34.0,8809491947540,"VS14-L2 - SON KEM MỊN LÌ VACOSI - L2 CARNATION (Vacosi Lookbook Lip Cream L2 5,5G)",Bỏ mẫu,160.0,160.0,2917.0,0.8888888888888888,3281.625,
35.0,8809491947557,"VS14-L3 - SON KEM MỊN LÌ VACOSI - L3 GLADIOLI (Vacosi Lookbook Lip Cream L3 5,5G)",Bỏ mẫu,98.0,98.0,6930.0,0.5444444444444444,12728.57142857143,
36.0,8809399370518,VS06-01 - SON DƯỠNG CÓ MÀU (Vacosi Color Lipbalm PK01 3g),Bỏ mẫu,19.0,19.0,1079.0,0.10555555555555556,10222.105263157895,
37.0,8809399370501,VS06-02 - SON DƯỠNG CÓ MÀU (Vacosi Color Lipbalm Or02 3g),Bỏ mẫu,37.0,37.0,3308.0,0.20555555555555555,16092.972972972973,
38.0,8809399370495,VS06-03 - SON DƯỠNG CÓ MÀU (Vacosi Color Lipbalm RD03 3g),,102.0,102.0,2842.0,0.5666666666666667,5015.294117647059,
39.0,8809399370488,VS06-04 - SON DƯỠNG CÓ MÀU (Vacosi Color Lipbalm Or04 3g),,94.0,94.0,3493.0,0.5222222222222223,6688.723404255319,
40.0,8809399370471,VS06-05 - SON DƯỠNG CÓ MÀU (Vacosi Color Lipbalm PK05 3g),,42.0,42.0,1953.0,0.23333333333333334,8370.0,
41.0,8809399370464,VS06-06 - SON DƯỠNG CÓ MÀU (Vacosi Color Lipbalm RD06 3g),,61.0,61.0,2200.0,0.3388888888888889,6491.803278688524,
42.0,8809399376626,VS06-B7 - SON DƯỠNG CÓ MÀU B7 (Vacosi Color Lipbalm B7 Lady Cotta 3G),,71.0,71.0,3643.0,0.39444444444444443,9235.774647887325,
43.0,8809399376657,VS06-B8 - SON DƯỠNG CÓ MÀU B8 (Vacosi Color Lipbalm B8 Cherry Lush 3G),Bỏ mẫu,37.0,37.0,309.0,0.20555555555555555,1503.2432432432433,
44.0,8809399376633,VS06-B9 - SON DƯỠNG CÓ MÀU B9 (Vacosi Color Lipbalm B9 Tropical Coral 3G),,75.0,75.0,3532.0,0.4166666666666667,8476.8,
45.0,8809399376640,VS06-B10 - SON DƯỠNG CÓ MÀU B10 (Vacosi Color Lipbalm B10 Wild Rose 3G),,34.0,34.0,2427.0,0.18888888888888888,12848.823529411766,
46.0,4711378880878,"VP14-O1 - PHẤN MÁ HỒNG VACOSI LOLIPOP #O1 SWEET ORANGE (VACOSI LOLIPOP ALL DAY BLUSH O1 5,6G)",Bỏ mẫu,74.0,74.0,3124.0,0.4111111111111111,7598.918918918919,
47.0,4711378880885,"VP14-O2 - PHẤN MÁ HỒNG VACOSI LOLIPOP #O2 PERSIMMON SYRUP (VACOSI LOLIPOP ALL DAY BLUSH O2 5,6G)",Bỏ mẫu,45.0,45.0,4133.0,0.25,16532.0,
48.0,4711378880892,"VP14-O3 - PHẤN MÁ HỒNG VACOSI LOLIPOP #O3 MAPLE SWEET (VACOSI LOLIPOP ALL DAY BLUSH O3 5,6G)",Bỏ mẫu,52.0,52.0,3522.0,0.28888888888888886,12191.538461538463,
49.0,4711378880908,"VP14-P1 - PHẤN MÁ HỒNG VACOSI LOLIPOP #P1 BERRY MOUSSE (VACOSI LOLIPOP ALL DAY BLUSH P1 5,6G)",,209.0,209.0,6326.0,1.1611111111111112,5448.22966507177,
50.0,4711378880915,"VP14-P2 - PHẤN MÁ HỒNG VACOSI LOLIPOP #P2 BERRY MUFFIN (VACOSI LOLIPOP ALL DAY BLUSH P2 5,6G)",,510.0,510.0,5442.0,2.8333333333333335,1920.705882352941,
51.0,4711378880922,"VP14-P3 - PHẤN MÁ HỒNG VACOSI LOLIPOP #P3 LITTLE ROSA (VACOSI LOLIPOP ALL DAY BLUSH P3 5,6G)",,206.0,206.0,8289.0,1.1444444444444444,7242.815533980583,
52.0,4711378880946,"VP14-N2 - PHẤN MÁ HỒNG VACOSI LOLIPOP #N2 BUBBLE ROSE (VACOSI LOLIPOP ALL DAY BLUSH N2 5,6G)",,117.0,117.0,2482.0,0.65,3818.461538461538,
53.0,4711378880953,"VP14-N3 - PHẤN MÁ HỒNG VACOSI LOLIPOP #N3 SWEET PEACH (VACOSI LOLIPOP ALL DAY BLUSH N3 5,6G)",,262.0,262.0,3346.0,1.4555555555555555,2298.7786259541986,
54.0,4711378880663,"VM31 - MASCARA DÀI VÀ CONG MI TỰ NHIÊN VACOSI (Vacosi Neowise Intense Mascara 4,5g)",Bỏ mẫu,71.0,71.0,248.0,0.39444444444444443,628.7323943661972,
55.0,4711378880397,"VP11-00 - PHẤN PHỦ BỘT SIÊU MỊN 6G, KHÔNG MÀU (Vacosi Flaso Loose Powder #00)",,64.0,64.0,2653.0,0.35555555555555557,7461.5625,
56.0,4711378880403,"VP11-01 - PHẤN PHỦ BỘT SIÊU MỊN 6G, TỰ NHIÊN (Vacosi Flaso Loose Powder #01)",,57.0,57.0,2787.0,0.31666666666666665,8801.052631578948,
57.0,4711378880410,"VP11-02 - PHẤN PHỦ BỘT SIÊU MỊN 6G, SÁNG DA (Vacosi Flaso Loose Powder #02)",,65.0,65.0,1438.0,0.3611111111111111,3982.153846153846,
58.0,4711378880472,VP12-01 - PHẤN MÁ HỒNG + BẮT SÁNG VACOSI #BL01 CUTIE CORAL (Vacosi Flaso Blush Set #BL01 8.3G),Bỏ mẫu,47.0,47.0,1653.0,0.2611111111111111,6330.63829787234,
59.0,4711378880489,VP12-02 - PHẤN MÁ HỒNG + BẮT SÁNG VACOSI #BL02 ROSIE KISS (Vacosi Flaso Blush Set #BL02 8.3G),Bỏ mẫu,39.0,39.0,1402.0,0.21666666666666667,6470.7692307692305,
60.0,4711378880496,VP12-03 - PHẤN MÁ HỒNG + BẮT SÁNG VACOSI #BL03 SASSY FIG (Vacosi Flash Blush Set #BL03 8.3G),Bỏ mẫu,28.0,28.0,4316.0,0.15555555555555556,27745.714285714286,
61.0,4711378880502,VP12-04 - PHẤN MÁ HỒNG + BẮT SÁNG VACOSI #BL04 CHERRY BLOSSOM (Vacosi Flash Blush Set #BL04 8.3G),Bỏ mẫu,65.0,65.0,486.0,0.3611111111111111,1345.8461538461538,
62.0,4711378880519,VP12-05 - PHẤN MÁ HỒNG + BẮT SÁNG VACOSI #BL05 SENSUAL ALMOND (Vacosi Flash Blush Set #BL05 8.3G),Bỏ mẫu,41.0,41.0,4236.0,0.22777777777777777,18597.073170731706,
63.0,4711378880427,VP29-01 - BẢNG MÀU MẮT 5 Ô VACOSI #01 LEONIDS (Vacosi Meteor Eyeshadow #01 5.5G),Bỏ mẫu,106.0,106.0,3435.0,0.5888888888888889,5833.018867924528,
64.0,4711378880434,VP29-02 - BẢNG MÀU MẮT 5 Ô VACOSI #02 GEMINIDS (Vacosi Meteor Eyeshadow #02 5.5G),Bỏ mẫu,43.0,43.0,3223.0,0.2388888888888889,13491.627906976744,
65.0,4711378880441,VP29-03 - BẢNG MÀU MẮT 5 Ô VACOSI #03 ORIONIDS (Vacosi Meteor Eyeshadow #03 5.5G),Bỏ mẫu,158.0,158.0,1803.0,0.8777777777777778,2054.0506329113923,
66.0,4711378880458,VP29-04 - BẢNG MÀU MẮT 5 Ô VACOSI #04 QUADRANTIDS (Vacosi Meteor Eyeshadow #04 5.5G),Bỏ mẫu,201.0,201.0,2241.0,1.1166666666666667,2006.865671641791,
67.0,4711378880465,VP29-05 - BẢNG MÀU MẮT 5 Ô VACOSI #05 PERSEIDS (Vacosi Meteor Eyeshadow #05 5.5G),Bỏ mẫu,17.0,17.0,2922.0,0.09444444444444444,30938.823529411766,
68.0,6970758099172,BR03 - CỌ MI CUỐN XOẮN VACOSI (VACOSI SPOOLIE BRUSH),,347.0,347.0,4631.0,1.9277777777777778,2402.2478386167145,
69.0,6970758099196,BR04 - CỌ TÁN MÀY VACOSI LÔNG DÀI (VACOSI EYEBROW ANGLED BRUSH),,407.0,407.0,5813.0,2.261111111111111,2570.859950859951,
70.0,6970758099202,BR05 - CỌ MÀY VACOSI ĐẦU CỨNG (VACOSI EYEBROW ANGLED BRUSH),,482.0,482.0,390.0,2.6777777777777776,145.64315352697096,92.0
71.0,6970758099233,CM13 - CỌ MẮT 2 ĐẦU MOUSSE VACOSI (VACOSI DUAL EYESHADOW SPONGE),Bỏ mẫu,120.0,120.0,1994.0,0.6666666666666666,2991.0,
72.0,6970758099240,E02 - CỌ ĐÁNH PHẤN MẮT VACOSI (NHỎ) (VACOSI SMALL SHADOW BRUSH),,191.0,191.0,5024.0,1.0611111111111111,4734.659685863874,
73.0,6970758099257,E03 - CỌ PHỦ PHẤN MẮT VACOSI (VACOSI SMALL SHADER BRUSH),,925.0,925.0,590.0,5.138888888888889,114.8108108108108,335.0
74.0,6970758099264,E04 - CỌ PHỦ VÀ TÁN BẦU MẮT VACOSI (VACOSI SHADE & BUFF BRUSH),,1243.0,1243.0,2864.0,6.905555555555556,414.7385358004827,
75.0,6970758099271,E07 - CỌ ĐÁNH PHẤN MẮT VACOSI (NGẮN) (VACOSI SHORT SHADER BRUSH),,909.0,909.0,3368.0,5.05,666.9306930693069,
76.0,6970758099288,E09 - CỌ NHẤN ĐUÔI MẮT VACOSI (VACOSI SMALL SMUDGE BRUSH),,458.0,458.0,3443.0,2.5444444444444443,1353.1441048034935,
77.0,6970758099295,E10 - CỌ TÁN VÙNG SÁNG MẮT VACOSI (VACOSI HIGHLIGHT DIFFUSER BRUSH),,101.0,101.0,2827.0,0.5611111111111111,5038.217821782178,
78.0,6970758099301,E12 - CỌ TÁN PHẤN MẮT VACOSI (VACOSI CREASE BLENDER BRUSH),Bỏ mẫu,136.0,136.0,4232.0,0.7555555555555555,5601.176470588235,
79.0,6970758099325,E14 - CỌ PHẤN MẮT ĐẦU BÚT CHÌ VACOSI (VACOSI PENCIL BRUSH),Bỏ mẫu,416.0,416.0,2188.0,2.311111111111111,946.7307692307693,
80.0,6970758099332,E15 - CỌ PHỦ PHẤN MẮT VACOSI (VACOSI FLUFF SHADOW BRUSH),,627.0,627.0,4379.0,3.4833333333333334,1257.1291866028707,
81.0,6970758099349,E16 - CỌ TÁN PHẤN MẮT VACOSI (VACOSI FULL BLENDER BRUSH),,660.0,660.0,1680.0,3.6666666666666665,458.1818181818182,
82.0,6970758099356,E18 - CỌ TÁN PHẤN MẮT SMOKY VACOSI (VACOSI SMOKE & BLEND BRUSH),Bỏ mẫu,111.0,111.0,2359.0,0.6166666666666667,3825.4054054054054,
83.0,6970758099363,E2E - CỌ PHẤN MẮT 2 ĐẦU VACOSI (VACOSI SHADER DUAL BRUSH),,633.0,633.0,1482.0,3.5166666666666666,421.4218009478673,
84.0,6970758099370,"F03 - CỌ NỀN ĐẦU DẸP, BẢN TO VACOSI (VACOSI FOUNDATION BRUSH)",,96.0,96.0,2283.0,0.5333333333333333,4280.625,
85.0,6970758099387,"F06 - CỌ NỀN ĐẦU DẸP, BẢN NHỎ VACOSI (VACOSI FOUNDATION BRUSH)",,247.0,247.0,2395.0,1.3722222222222222,1745.3441295546559,
86.0,6970758099394,F09 - CỌ CHE KHUYẾT ĐIỂM VACOSI (VACOSI CONCEALER BRUSH),,290.0,290.0,2380.0,1.6111111111111112,1477.2413793103449,
87.0,6970758099448,F10 - CỌ CHE KHUYẾT ĐIỂM DẸP MẢNH VACOSI (VACOSI MICRO CONCEALER BRUSH),,346.0,346.0,2939.0,1.9222222222222223,1528.9595375722542,
88.0,6970758099400,F11 - CỌ TÁN NỀN ĐẦU TRÒN (Vacosi Buffing Foundation Brush),,144.0,144.0,1190.0,0.8,1487.5,
89.0,6970758099417,F12 - CỌ TÁN NỀN VÁT XÉO VACOSI (Vacosi Finger Foundation Brush),,1099.0,1099.0,8017.0,6.105555555555555,1313.0664240218382,
90.0,6970758099424,F13 - CỌ CHE KHUYẾT ĐIỂM ĐẦU XÉO VACOSI (Vacosi Finger Concealer Brush),,364.0,364.0,1684.0,2.022222222222222,832.7472527472528,
91.0,6970758099431,F15 - CỌ CHE KHUYẾT ĐIỂM XÉO BẦU VACOSI (Vacosi Round Concealer Brush),,856.0,856.0,5336.0,4.7555555555555555,1122.056074766355,
92.0,6970758099158,L01 - CỌ MÔI NẮP ĐẬY VACOSI (VACOSI LIP BRUSH),,905.0,905.0,3695.0,5.027777777777778,734.9171270718232,
93.0,6970758099165,L02 - CỌ MÔI LÔNG DÀI VACOSI (VACOSI LIP PRO BRUSH),,202.0,202.0,2340.0,1.1222222222222222,2085.1485148514853,
94.0,6970758099189,L10 - CỌ MÔI ĐẦU TRÒN VACOSI (Vacosi Soft Lip Brush),,604.0,604.0,3131.0,3.3555555555555556,933.0794701986755,
95.0,6970758099455,"M03 - CỌ MÁ HỒNG & PHỦ, ĐẦU TRÒN VACOSI (VACOSI BLUSH & POWDER BRUSH)",,995.0,995.0,3674.0,5.527777777777778,664.643216080402,
96.0,6970758099462,M05 - CỌ PHỦ ĐẦU TRÒN BỎ TÚI VACOSI (VACOSI SHORT POWDER & BLUSH BRUSH),,85.0,85.0,4382.0,0.4722222222222222,9279.529411764706,
97.0,6970758099479,M09 - CỌ KHỐI & MÁ HỒNG VACOSI (VACOSI ANGLED POWDER PRO BRUSH),,331.0,331.0,2130.0,1.8388888888888888,1158.3081570996978,
98.0,6970758099486,M10 - CỌ PHỦ BỎ TÚI VACOSI (VACOSI POWDER BRUSH),,158.0,158.0,6101.0,0.8777777777777778,6950.506329113924,
99.0,6970758099493,M17 - CỌ KHỐI VACOSI KABUKI (VACOSI ANGLED KABUKI BRUSH),,444.0,444.0,2210.0,2.466666666666667,895.9459459459459,
100.0,6970758099509,M20 - CỌ PHỦ KABUKI TÁN TRÒN VACOSI (VACOSI KABUKI BRUSH),Bỏ mẫu,26.0,26.0,4251.0,0.14444444444444443,29430.000000000004,
101.0,6970758099516,M21 - CỌ PHỦ NẮP ĐẬY VACOSI (VACOSI POWDER BRUSH),,148.0,148.0,2925.0,0.8222222222222222,3557.4324324324325,
102.0,6970758099523,M23 - CỌ PHỦ CỠ LỚN VACOSI (VACOSI LARGE DELUXE POWDER BRUSH),,359.0,359.0,3668.0,1.9944444444444445,1839.108635097493,
103.0,6970758099530,M24 - CỌ MÁ ĐẦU XÉO VACOSI (VACOSI ANGLED CONTOUR & BLUSH BRUSH),,1711.0,1711.0,315.0,9.505555555555556,33.1385154880187,1396.0
104.0,6970758099547,M26 - CỌ HIGHLIGHT VACOSI (VACOSI TAPERED HIGHLIGHTER),,2082.0,2082.0,1312.0,11.566666666666666,113.42939481268012,770.0
105.0,6970758099554,M27 - CỌ PHỦ & MÁ ĐẦU TRÒN VACOSI (VACOSI BLUSH & POWDER BRUSH),,565.0,565.0,4302.0,3.138888888888889,1370.5486725663718,
106.0,6970758099561,M33 - CỌ QUẠT BẦU VACOSI (VACOSI ROUND FAN BRUSH),,520.0,520.0,1790.0,2.888888888888889,619.6153846153846,
107.0,6970758099219,N01 - CỌ KHỐI MŨI VACOSI (ĐẦU DẸP) (VACOSI ANGLED SHADING BRUSH),,42.0,42.0,20956.0,0.23333333333333334,89811.42857142857,
108.0,6970758099226,N02 - CỌ KHỐI MŨI VACOSI (ĐẦU TRÒN) (VACOSI ANGLED BLENDING BRUSH),,2146.0,2146.0,562.0,11.922222222222222,47.13886300093196,1584.0
109.0,6970758099851,"BC36 - BỘ CỌ CÁ NHÂN VACOSI 14 CÂY & BÓP DA CAM (Vacosi Mars Mission Brush Set, 14 PCS)",,1228.0,1228.0,1780.0,6.822222222222222,260.91205211726384,
110.0,6970758099806,"BC31 - BỘ CỌ DU LỊCH VACOSI 8 CÂY & VÍ TRANG ĐIỂM (Vacosi Sisterland Brush Set, 8 PCS)",,437.0,437.0,4952.0,2.4277777777777776,2039.725400457666,
111.0,6970758099837,"BC34 - BỘ CỌ CÁ NHÂN VACOSI 10 CÂY & VÍ HỒNG (Vacosi Candy Puffy Brush Set, 10 PCS)",,354.0,354.0,4787.0,1.9666666666666666,2434.06779661017,
112.0,6970758099844,"BC35 - BỘ CỌ CÁ NHÂN VACOSI 12 CÂY & VÍ XANH RÊU (Vacosi Centrepiece Brush Set, 12 PCS)",,150.0,150.0,1895.0,0.8333333333333334,2274.0,
113.0,6970758093101,"SC01 - BỘ KIT 3 CỌ CHÂN MÀY VACOSI, PHIÊN BẢN GOLDEN DRAGON  (VACOSI COVE THE BROWS BRUSH KIT, 3PCS)",Bỏ mẫu,66.0,66.0,4105.0,0.36666666666666664,11195.454545454546,
114.0,6970758093118,"SC02 - BỘ KIT 3 CỌ MẮT VACOSI, PHIÊN BẢN GOLDEN DRAGON (VACOSI MOONDUST THE EYES BRUSH KIT, 3PCS)",Bỏ mẫu,105.0,105.0,2546.0,0.5833333333333334,4364.571428571428,
115.0,6970758093125,"SC03 - BỘ KIT 3 CỌ MẮT VACOSI, PHIÊN BẢN GOLDEN DRAGON (VACOSI FLEET THE EYES BRUSH KIT, 3PCS)",,337.0,337.0,212.0,1.8722222222222222,113.23442136498517,125.0
116.0,6970758093132,"SC04 - BỘ KIT 5 CỌ CƠ BẢN VACOSI, PHIÊN BẢN GOLDEN DRAGON (VACOSI LUNA THE FACE & EYES BRUSH KIT, 5 PCS)",,217.0,217.0,1969.0,1.2055555555555555,1633.2718894009217,
117.0,6970758093149,"SC05 - BỘ KIT 4 CỌ VÀ 1 BÔNG NỀN VACOSI, PHIÊN BẢN GOLDEN DRAGON (VACOSI FURY THE FLAWLESS FACE BRUSH KIT, 5 PCS)",Bỏ mẫu,12.0,12.0,2795.0,0.06666666666666667,41925.0,
118.0,2261093000003,BN01 - BÔNG NỞ RỬA MẶT (Vacosi Cleansing Sponge - 2Pcs),Bỏ mẫu,39.0,39.0,6182.0,0.21666666666666667,28532.30769230769,
119.0,6970758093699,"BN02 - BÔNG RỬA MẶT SỢI BỘT KONJAC LÀNH TÍNH VACOSI, HÌNH NGÔI SAO (Vacosi Mild Facial Cleansing Sponge, Star)",,22.0,22.0,4376.0,0.12222222222222222,35803.63636363637,
120.0,6970758093682,"BN03 - BÔNG RỬA MẶT SỢI BỘT KONJAC LÀNH TÍNH VACOSI, HÌNH MÈO (Vacosi Mild Facial Cleansing Sponge, Kitty)",,22.0,22.0,6049.0,0.12222222222222222,49491.818181818184,
121.0,6970758093675,"BN04 - BÔNG RỬA MẶT SỢI BỘT KONJAC LÀNH TÍNH VACOSI, HÌNH GIỌT NƯỚC (Vacosi Mild Facial Cleansing Sponge, Bulbous)",,18.0,18.0,5986.0,0.1,59860.0,
122.0,2301060000008,BP01 - BÔNG PHẤN KHÔ TRÒN NHỎ (BỊCH 2 CÁI) (Vacosi Small Round Puff - 2PCS),,702.0,702.0,941.0,3.9,241.2820512820513,
123.0,2301061000007,BP02 - BÔNG PHẤN KHÔ VUÔNG NHỎ (BỊCH 2 CÁI) (Vacosi Small Square Puff - 2Pcs),,181.0,181.0,5821.0,1.0055555555555555,5788.839779005525,
124.0,2301062000006,BP03 - BÔNG PHẤN ƯỚT TRÒN NHỎ (BỊCH 2 CÁI) (Vacosi Small Disc Sponge - 2Pcs),,156.0,156.0,3902.0,0.8666666666666667,4502.307692307692,
125.0,2301063000005,BP04 - BÔNG ƯỚT VUÔNG NHỎ (BỊCH 2 CÁI) (Vacosi Small Square Sponge - 2PCS),,101.0,101.0,3870.0,0.5611111111111111,6897.029702970297,
126.0,2301064000004,BP05 - BÔNG PHẤN ƯỚT TRÒN LỚN (Vacosi Large Disc Sponge),Bỏ mẫu,6.0,6.0,25.0,0.03333333333333333,750.0,
127.0,2200052000005,BP06 - BLENDER HỒ LÔ (Vacosi Pear Blender),,305.0,305.0,4018.0,1.6944444444444444,2371.27868852459,
128.0,2301094000005,BP08 - BÔNG PHẤN KHÔ TRÒN TRUNG (Vacosi Medium Round Puff),,1004.0,1004.0,2440.0,5.5777777777777775,437.45019920318725,
129.0,2261094000002,BP09 - BÔNG PHẤN KHÔ TRÒN LỚN (Vacosi Large Round Puff),,900.0,900.0,3407.0,5.0,681.4,
130.0,2200051000006,BP10 - BÔNG ƯỚT ELIP (XÚC XÍCH) (BỊCH 2 CÁI) (Vacosi Elipse Sponge 2Pcs),,111.0,111.0,927.0,0.6166666666666667,1503.2432432432431,
131.0,2211180000003,BP15 - BÔNG PHẤN ƯỚT HÌNH GIỌT NƯỚC (BỊCH 2 MIẾNG) (Vacosi Contouring Sponge - 2PCS),Bỏ mẫu,15.0,15.0,100.0,0.08333333333333333,1200.0,
132.0,2200646000008,BP19 - BÔNG PHẤN COTTON KHÔ TRÒN NHỎ (Vacosi Small White Round Puff),,900.0,900.0,11001.0,5.0,2200.2,
133.0,2200658000003,BP22 - BÔNG CUSHION  (Vacosi Cushion Sponge),,2191.0,2191.0,10880.0,12.172222222222222,893.8384299406663,
134.0,2261092000004,BP11 - BÔNG PHẤN ƯỚT TAM GIÁC ( 2 MIẾNG) (Vacosi Quater Sponge 2Pcs),,51.0,51.0,1743.0,0.2833333333333333,6151.764705882353,
135.0,2261091000005,BP12 - BÔNG PHẤN ƯỚT TAM GIÁC NHỌN ( BỊCH 3 CÁI) (Vacosi Wedge Sponge 3Pcs),,127.0,127.0,4569.0,0.7055555555555556,6475.748031496062,
136.0,2200677000008,BP27 - BÔNG PHẤN ƯỚT TAM GIÁC (BỊCH 4 MIẾNG) (Vacosi Quarter 4PCS),Bỏ mẫu,26.0,26.0,52.0,0.14444444444444443,360.00000000000006,
137.0,2200678000007,BP28 - BÔNG PHẤN ƯỚT TAM GIÁC NHỌN (BỊCH 6 MIẾNG) (Vacosi Wedge Sponge - 6PCS),Bỏ mẫu,80.0,80.0,2618.0,0.4444444444444444,5890.5,
138.0,2200695000004,BP31 - BLENDER NÓN LÁ  (Vacosi Blender Sponge),Bỏ mẫu,10.0,10.0,675.0,0.05555555555555555,12150.0,
139.0,2200917000003,PK02 - BÔNG PHẤN KHÔ TRÒN NHỎ PRO VACOSI  (BỊCH 1 CÁI) (Vacosi Prs Small Round Pro Puff),,745.0,745.0,7850.0,4.138888888888889,1896.6442953020132,
140.0,2200919000001,PU01 - BÔNG ƯỚT TAM GIÁC PRO (BỊCH 12 MIẾNG) (Vacosi PRS Wedge Pro Sponge),Bỏ mẫu,37.0,37.0,1511.0,0.20555555555555555,7350.810810810811,
141.0,2200922000005,PH01 - BÔNG PHẤN GIỌT NƯỚC PRO (HỘP 1 CÁI) (Vacosi Prs Pro Classic Blender ),Bỏ mẫu,40.0,40.0,5654.0,0.2222222222222222,25443.0,
142.0,2200923000004,PH02 - BÔNG GIỌT NƯỚC VẠT XÉO PRO (HỘP 1 CÁI)  (Vacosi Prs Pro Flat Blender),,68.0,68.0,4660.0,0.37777777777777777,12335.29411764706,
143.0,6970758092548,PH03 - BÔNG GIỌT NƯỚC  VACOSI PRO CRUCIAL (ĐEN) (Vacosi PRS Pro Crucial Blender),,480.0,480.0,3974.0,2.6666666666666665,1490.25,
144.0,6970758092555,PH04 - BÔNG GIỌT NƯỚC VẠT XÉO VACOSI PRO CRUCIAL (ĐEN) (Vacosi PRS Pro Crucial Flat Blender),,582.0,582.0,9482.0,3.2333333333333334,2932.5773195876286,
145.0,6970758092524,PH05-01 - SET 3 BÔNG MINI BLENDER VACOSI (XANH) (Vacosi Mordern Mini Makeup Puff Ball),Bỏ mẫu,39.0,39.0,5987.0,0.21666666666666667,27632.30769230769,
146.0,6970758092531,PH05-02 - SET 3 BÔNG MINI BLENDER VACOSI (XÁM) (Vacosi Mordern Mini Makeup Puff Ball),,138.0,138.0,4260.0,0.7666666666666667,5556.521739130434,
147.0,2200979000003-01,PU06-01 - BÔNG CUSHION VACOSI ĐEN TRÒN (Vacosi Cushion Sponge Black),,219.0,219.0,6207.0,1.2166666666666666,5101.643835616439,
148.0,2200979000003-02,PU06-02 - BÔNG CUSHION VACOSI ĐEN NHỌN (Vacosi Cushion Sponge Black),,1142.0,1142.0,19201.0,6.344444444444444,3026.427320490368,
149.0,6970758092838,PH06 - BÔNG VÁT XÉO PHỦ SILICONE VACOSI ( Vacosi Pro-Crafted Makeup Blender),,190.0,190.0,5866.0,1.0555555555555556,5557.263157894737,
150.0,6970758099141,"BP42 - SET 3 BÔNG ĐA DIỆN VACOSI VERSATILE, NÂU (Vacosi Versatile Makeup Blender Set - Caramel, 3pcs)",,148.0,148.0,1403.0,0.8222222222222222,1706.3513513513515,
151.0,2200998000008,"BP51 - BÔNG CUSHION VACOSI KEM NHỌN (Vacosi Cushion Sponge, Cream)",,1590.0,1590.0,2719.0,8.833333333333334,307.811320754717,
152.0,6970758099882,"BP52 - BÔNG PHẤN KHÔ VACOSI TAM GIÁC, ĐEN - TÚI 1 CÁI (Vacosi Angled Black Puff, 1PC)",,162.0,162.0,10780.0,0.9,11977.777777777777,
153.0,6970758099899,"BP53-01 - BÔNG PHẤN CUSHION 2 MẶT VACOSI - TÍM, TÚI 2 CÁI (Vacosi Double Side Sponge - Purple, 2PCS)",,1568.0,1568.0,8805.0,8.71111111111111,1010.7780612244899,
154.0,6970758099905,"BP53-02 - BÔNG PHẤN CUSHION 2 MẶT VACOSI - XANH, TÚI 2 CÁI (Vacosi Double Side Sponge - Blue, 2PCS)",,1340.0,1340.0,1150.0,7.444444444444445,154.47761194029852,190.0
155.0,6970758099912,"BP54-01 - BÔNG CUSHION NHỎ VACOSI - Set 3: Hồng, Kem, Xanh Dương (Vacosi Top Finger Cushion - Blue, 3 pcs)",Bỏ mẫu,426.0,426.0,3628.0,2.3666666666666667,1532.9577464788733,
156.0,6970758099929,"BP54-02 - BÔNG CUSHION NHỎ VACOSI - Set 3: Hồng, Kem, Tím (Vacosi Top Finger Cushion - Lavender, 3 pcs)",,269.0,269.0,9814.0,1.4944444444444445,6566.988847583643,
157.0,6970758099936,"BP55 - BÔNG CUSHION NHỎ VACOSI - Set 5, Đen (Vacosi Top Finger Cushion - Black, 5 pcs)",,642.0,642.0,11246.0,3.566666666666667,3153.0841121495323,
158.0,6970758093163,"BP56 - SET 4 BÔNG TRANG ĐIỂM VACOSI - 4 SIZE ĐA CÔNG DỤNG ( Vacosi Tap And Touch Makeup Set, 4 PCS)",Bỏ mẫu,159.0,159.0,2986.0,0.8833333333333333,3380.377358490566,
159.0,6970758093187,"BP57-01 - BÔNG PHẤN NỀN ĐỆM KHÍ VACOSI, ĐỎ (Vacosi Air - Fit Makeup Sponge, Red)",Bỏ mẫu,99.0,99.0,3346.0,0.55,6083.636363636363,
160.0,6970758093194,"BP57-02 - BÔNG PHẤN NỀN ĐỆM KHÍ VACOSI, VÀNG (Vacosi Air - Fit Makeup Sponge, Yellow)",Bỏ mẫu,100.0,100.0,2824.0,0.5555555555555556,5083.2,
161.0,6970758093200,"BP57-03 - BÔNG PHẤN NỀN ĐỆM KHÍ VACOSI, HỒNG (Vacosi Air - Fit Makeup Sponge, Pink)",Bỏ mẫu,141.0,141.0,1983.0,0.7833333333333333,2531.4893617021276,
162.0,6970758093170,"BP58 - SET 2 BÔNG TRANG ĐIỂM NỀN VÀ PHỦ VACOSI - DÁNG TRÒN ( Vacosi Tap And Touch Makeup Set, 2 PCS Round)",Bỏ mẫu,65.0,65.0,3047.0,0.3611111111111111,8437.846153846154,
163.0,6970758099981,"BP63-H BÔNG MÚT RỬA MẶT VACOSI, HỒNG (Vacosi Facial Cleansing Sponge, Pink)",,131.0,131.0,5391.0,0.7277777777777777,7407.480916030535,
164.0,6970758099998,"BP63-V - BÔNG MÚT RỬA MẶT VACOSI, VÀNG (Vacosi Facial Cleansing Sponge, Yellow)",,198.0,198.0,14332.0,1.1,13029.090909090908,
165.0,6970758099035,"BP63-X - BÔNG MÚT RỬA MẶT VACOSI, XÁM (Vacosi Facial Cleansing Sponge, Gray)",,166.0,166.0,9563.0,0.9222222222222223,10369.518072289156,
166.0,6970758099080,"BP63-B - BÔNG MÚT RỬA MẶT VACOSI, XANH (Vacosi Facial Cleansing Sponge, Blue)",,207.0,207.0,10960.0,1.15,9530.434782608696,
167.0,6970758093156,"BP64-Đ - BÔNG TẮM LƯỚI TRÒN VACOSI, ĐEN (Vacosi Donut Bath Sponge, Black)",Bỏ mẫu,129.0,129.0,583.0,0.7166666666666667,813.4883720930233,
168.0,6970758099110,"BP64-K - BÔNG TẮM LƯỚI TRÒN VACOSI, KEM (Vacosi Donut Bath Sponge, Cream)",,0.0,0.0,5011.0,,,
169.0,6970758099127,"BP64-X - BÔNG TẮM LƯỚI TRÒN VACOSI, XÁM (Vacosi Donut Bath Sponge, Gray)",Bỏ mẫu,240.0,240.0,753.0,1.3333333333333333,564.75,
170.0,2200651000000,BP21 - BÔNG TẮM BẰNG NHỰA  (Vacosi plastic bath sponge ),,663.0,663.0,15087.0,3.683333333333333,4096.018099547511,
171.0,6970758099950,"BP61-01 BÔNG TẮM VACOSI, DƯA HẤU (Vacosi Bath Sponge, Watermelon)",Bỏ mẫu,8.0,8.0,0.0,0.044444444444444446,0.0,8.0
172.0,6970758099967,"BP61-02 BÔNG TẮM VACOSI, TRÁI BƠ (Vacosi Bath Sponge, Avocado)",Bỏ mẫu,66.0,66.0,207.0,0.36666666666666664,564.5454545454546,
173.0,6970758099974,"BP62 - BÔNG TẮM VACOSI, HỒNG HẠC (Vacosi Bath Sponge, Flamingo)",Bỏ mẫu,56.0,56.0,4996.0,0.3111111111111111,16058.571428571428,
174.0,2200652000009,,,0.0,0.0,0.0,,,
175.0,8809399378927-01,DC06-01 - DAO CẠO MÀY (BỊCH 2 CÁI) (Vacosi Eyebrow Knife),,200.0,200.0,17024.0,1.1111111111111112,15321.599999999999,
176.0,6970758099721,DC08 - CÂY TÁN KEM NỀN VACOSI + BAO DA ( DC08 - Vacosi Makeup Spatula),Bỏ mẫu,71.0,71.0,2321.0,0.39444444444444443,5884.225352112676,
177.0,6976924430022,DC10 - CỌ RỬA MẶT & ĐẮP MẶT NẠ VACOSI (VACOSI FACIAL CLEANSING BRUSH),Bỏ mẫu,126.0,126.0,6233.0,0.7,8904.285714285716,
178.0,6976924430039,"DC11 - BĂNG-ĐÔ RỬA MẶT, MAKEUP VACOSI  (VACOSI MAKEUP HEADBAND)",Bỏ mẫu,36.0,36.0,6190.0,0.2,30950.0,
179.0,6970758099943,DC14 - HỘP RỬA CỌ TRANG ĐIỂM KÈM XÀ BÔNG VACOSI (Vacosi Makeup Cleanser Kit),,9695.0,9695.0,62179.0,53.861111111111114,1154.4321815368746,
180.0,6970758093651,"DC16-01 - SET DAO CẠO NỮ CHUYÊN DỤNG VACOSI, TRẮNG XANH (Vacosi Lady Razor Kit, Beach 2 PCS)",Bỏ mẫu,51.0,51.0,7360.0,0.2833333333333333,25976.470588235294,
181.0,6970758093644,"DC16-02 - SET DAO CẠO NỮ CHUYÊN DỤNG VACOSI, XÁM HỒNG (Vacosi Lady Razor Kit, Sand 2 PCS)",Bỏ mẫu,109.0,109.0,7503.0,0.6055555555555555,12390.2752293578,
182.0,6970758093637,"DC17 - SET DAO CẠO MÀY 2 ĐẦU VACOSI, VÀNG NÂU (Vacosi Dual-End Eyebrow Razor, Autumn Pack)",,50.0,50.0,6050.0,0.2777777777777778,21780.0,
183.0,6970758093835,"DC18 - SET DAO CẠO MÀY 2  ĐẦU VACOSI, HỒNG XANH (Vacosi Dual-End EyeBrow Razor, Spring Pack)",,125.0,125.0,4570.0,0.6944444444444444,6580.8,
184.0,2200190000004,NM01 - CÂY NẶN MỤN (Vacosi Pimple Remover),,1006.0,1006.0,9075.0,5.588888888888889,1623.7574552683898,
185.0,2200681000001-02,NC02 - BẤM MÓNG (Vacosi Nall Clipper),,39.0,39.0,3205.0,0.21666666666666667,14792.307692307691,
186.0,2200681000001-03,"NC03 - BẤM MÓNG, SIZE LỚN (VACOSI NAIL CLIPPER)",,36.0,36.0,1139.0,0.2,5695.0,
187.0,2200682000000-01,T01 - NHÍP ĐẦU BẰNG (Vacosi Flat Tweezers),,104.0,104.0,4732.0,0.5777777777777777,8190.000000000001,
188.0,2200682000000-02,T02 - NHÍP ĐẦU XÉO (Vacosi Slanted Tweezers),,960.0,960.0,4646.0,5.333333333333333,871.125,
189.0,6970758092579,T08-01 - NHÍP GẮN MI GIẢ VACOSI XÁM THẲNG (Vacosi Eyelash Tweezers),Bỏ mẫu,976.0,976.0,2386.0,5.4222222222222225,440.04098360655735,
190.0,6970758092562,T08-02 - NHÍP GẮN MI GIẢ VACOSI ĐEN THẲNG (Vacosi Eyelash Tweezers),Bỏ mẫu,32.0,32.0,1160.0,0.17777777777777778,6525.0,
191.0,6970758092586,T09-01 - NHÍP GẮN MI GIẢ VACOSI HỒNG CONG (Vacosi Eyelash Tweezers Curved),Bỏ mẫu,25.0,25.0,250.0,0.1388888888888889,1800.0,
192.0,6970758092593,T09-02 - NHÍP GẮN MI GIẢ VACOSI ĐEN CONG (Vacosi Eyelash Tweezers Curved),Bỏ mẫu,20.0,20.0,1485.0,0.1111111111111111,13365.0,
193.0,6970758092784,T10-01 - NHÍP PRO VACOSI HỒNG (Vacosi Pro Tweezers),,56.0,56.0,3661.0,0.3111111111111111,11767.5,
194.0,6970758092791,T10-02 - NHÍP PRO VACOSI VÀNG HỒNG (Vacosi Pro Tweezers),,40.0,40.0,4177.0,0.2222222222222222,18796.5,
195.0,6970758099578,"C01 - LƯỢC MASSAGE CHỐNG TĨNH ĐIỆN VACOSI, SIZE BỎ TÚI (VACOSI TRAVEL HAIRBRUSH)",Bỏ mẫu,68.0,68.0,487.0,0.37777777777777777,1289.1176470588236,
196.0,6970758099592,C02 - LƯỢC MASSAGE CHỐNG TĨNH ĐIỆN VACOSI (VACOSI STYLING HAIRBRUSH),Bỏ mẫu,34.0,34.0,3129.0,0.18888888888888888,16565.29411764706,
197.0,6970758099608,C03 - LƯỢC CHẢI SUÔN VÀ MƯỢT TÓC VACOSI (VACOSI STYLING HAIRBRUSH),Bỏ mẫu,67.0,67.0,580.0,0.37222222222222223,1558.2089552238806,
198.0,6970758099615,C04 - LƯỢC TẠO KIỂU UNISEX VACOSI (VACOSI STYLING HAIRBRUSH),Bỏ mẫu,6.0,6.0,1471.0,0.03333333333333333,44130.0,
199.0,6970758099585,"C05 - LƯỢC GỠ RỐI VACOSI, SIZE BỎ TÚI (VACOSI TRAVEL HAIRBRUSH)",,1090.0,1090.0,6423.0,6.055555555555555,1060.678899082569,
200.0,6970758099622,"C06 - LƯỢC GỠ RỐI VACOSI, TÓC KHÔ, TÓC YẾU (VACOSI DETANGLING BRUSH)",,865.0,865.0,6932.0,4.805555555555555,1442.4971098265896,
201.0,6970758099714,"C07 - LƯỢC GỠ RỐI VACOSI, TÓC ƯỚT (VACOSI DETANGLING BRUSH)",,454.0,454.0,2364.0,2.522222222222222,937.2687224669604,
202.0,6970758099639,C08 - LƯỢC BÁN NGUYỆT TẠO KIỂU VACOSI (VACOSI FOR ALL HAIR TYPES STYLING HAIRBRUSH),,146.0,146.0,2294.0,0.8111111111111111,2828.219178082192,
203.0,6970758092937,C09 - LƯỢC CHẢI TÓC ƯỚT VACOSI (VACOSI DETANGLING BRUSH),,249.0,249.0,198.0,1.3833333333333333,143.13253012048193,51.0
204.0,6970758099646,C11 - LƯỢC TRÒN TẠO KIỂU VÀ PHỒNG TÓC VACOSI (VACOSI FOR ALL HAIR TYPES STYLING HAIRBRUSH),,324.0,324.0,1401.0,1.8,778.3333333333333,
205.0,6970758099653,C12 - LƯỢC CHẢI PHỒNG VÀ TẠO KIỂU VACOSI (VACOSI FOR ALL HAIR TYPES STYLING HAIRBRUSH),Bỏ mẫu,79.0,79.0,1284.0,0.4388888888888889,2925.5696202531644,
206.0,6977364830014,"C14-H - LƯỢC CHẢI TÓC BỎ TÚI KÈM CHUN, HỒNG  (Vacosi Pocket Comb Set, Pink)",,131.0,131.0,2773.0,0.7277777777777777,3810.229007633588,
207.0,6977364830144,"C14-V - LƯỢC CHẢI TÓC BỎ TÚI KÈM CHUN, VÀNG (Vacosi Pocket Comb Set, Yellow)",Bỏ mẫu,34.0,34.0,1394.0,0.18888888888888888,7380.0,
208.0,6977364830021,C15 - LƯỢC CỔ ĐIỂN 2 ĐẦU (Vacosi Dual-Use Hair Comb),,54.0,54.0,5401.0,0.3,18003.333333333336,
209.0,6977364830151,"C16-L - LƯỢC GỠ RỐI & TẠO KIỂU CƠ BẢN, LILAC (Vacosi Original Detangling Brush, Lilac)",Bỏ mẫu,145.0,145.0,2636.0,0.8055555555555556,3272.2758620689656,
210.0,6977364830038,"C16-O - LƯỢC LƯỢC GỠ RỐI & TẠO KIỂU CƠ BẢN, LÚA MẠCH (Vacosi Original Detangling Brush, Oat)",,944.0,944.0,1140.0,5.2444444444444445,217.3728813559322,
211.0,6977364830045,"C17-M - LƯỢC GỠ RỐI, GIỮ NẾP TÓC VÀ MASSAGE DA ĐẦU, XANH MINT (Vacosi Flexi Detangling Brush, Mint)",,230.0,230.0,5056.0,1.2777777777777777,3956.8695652173915,
212.0,6977364830052,"C17-O - LƯỢC GỠ RỐI, GIỮ NẾP TÓC VÀ MASSAGE DA ĐẦU, LÚA MẠCH (Vacosi Flexi Detangling Brush, Oat)",,362.0,362.0,5320.0,2.011111111111111,2645.303867403315,
213.0,6977364830069,"C18 - LƯỢC CHẢI TÓC GỠ RỐI, HỒNG (Vacosi Magenta Vent Detangling Hair Brush)",Bỏ mẫu,72.0,72.0,2197.0,0.4,5492.5,
214.0,6977364830076,"C19 - LƯỢC CHẢI TÓC GỠ RỐI, TÍM (Vacosi Lilac Vent Detangling Hair Brush)",Bỏ mẫu,47.0,47.0,1782.0,0.2611111111111111,6824.680851063829,
215.0,6977364830083,"C20-H - LƯỢC LƯỚI MASSAGE & GỠ RỐI TÓC ƯỚT, HỒNG  (Vacosi Hollow Out Paddle Detangler, Pink)",,142.0,142.0,4253.0,0.7888888888888889,5391.12676056338,
216.0,6977364830090,"C20-L - LƯỢC LƯỚI MASSAGE & GỠ RỐI TÓC ƯỚT, TÍM (Vacosi Hollow Out Paddle Detangler, Lilac)",Bỏ mẫu,51.0,51.0,2627.0,0.2833333333333333,9271.764705882353,
217.0,6977364830106,"C21-H - LƯỢC GỘI & MASSAGE ĐẦU RĂNG SILICONE CÓ TAY CẦM, HỒNG  (Vacosi Massage & Shampoo Comb, Pink)",,56.0,56.0,1422.0,0.3111111111111111,4570.714285714285,
218.0,6977364830113,"C21-X - LƯỢC GỘI & MASSAGE ĐẦU RĂNG SILICONE CÓ TAY CẦM, XANH DƯƠNG  (Vacosi Massage & Shampoo Comb, Blue)",Bỏ mẫu,16.0,16.0,1563.0,0.08888888888888889,17583.75,
219.0,6977364830137,"C22-H - LƯỢC GỘI & MASSAGE DA ĐẦU ĐÀN HỒI, HỒNG (Vacosi Detangling Shampoo Brush, Pink)",Bỏ mẫu,347.0,347.0,9682.0,1.9277777777777778,5022.36311239193,
220.0,6977364830120,"C22-X - LƯỢC GỘI & MASSAGE DA ĐẦU ĐÀN HỒI, XANH LÁ (Vacosi Detangling Shampoo Brush, Green)",Bỏ mẫu,210.0,210.0,8050.0,1.1666666666666667,6900.0,
221.0,2200685000007-01,P01 - CHÀ GÓT CHÂN 2 MẶT (Vacosi Foot Peeling),,369.0,369.0,2021.0,2.05,985.8536585365855,
222.0,2200685000007-02,P02 - CHÀ GÓT CHÂN (Vacosi Foot Peeling),,496.0,496.0,2537.0,2.7555555555555555,920.6854838709678,
223.0,2200686000006-01,S01 - KÉO TỈA MŨI TRÒN (Vacosi Scissors),,65.0,65.0,3119.0,0.3611111111111111,8637.23076923077,
224.0,2200686000006-02,S02 - KÉO TỈA MŨI CONG (VACOSI CURVED SCISSORS),,1.0,1.0,1555.0,0.005555555555555556,279900.0,
225.0,2200686000006-03,"S03 - KÉO TỈA MŨI NHỌN, CONG (Vacosi Curved Scissors)",,23.0,23.0,701.0,0.12777777777777777,5486.08695652174,
226.0,2200686000006-04,"S04 - KÉO TỈA MŨI NHỌN, THẲNG (Vacosi Cuticle Scissors)",,25.0,25.0,249.0,0.1388888888888889,1792.8,
227.0,2200672000003,BP26 - BÔNG BỌT BIỂN RỬA MẶT (Vacosi Cleansing Sponge),,934.0,934.0,1872.0,5.188888888888889,360.7708779443255,
228.0,2200682000000-07,T07 - NHÍP GẮN MỤN (Vacosi Blackhead Tweezers),,254.0,254.0,5270.0,1.4111111111111112,3734.6456692913384,
229.0,2260301000002,BM01 - BẤM MI CLASSIC LÒ XO  (Vacosi Classic Lash Curler),,2578.0,2578.0,12223.0,14.322222222222223,853.4290147401085,
230.0,2260300000003,BM02 - BẤM MI FULL THÂN XÁM (Vacosi Full Lash Curler),,569.0,569.0,7436.0,3.161111111111111,2352.3374340949035,
231.0,2200649000005,BM03 - BẤM MI MORDERN CÁN ĐEN (Vacosi Mordern Lash Curler),,1903.0,1903.0,5066.0,10.572222222222223,479.1802417235943,
232.0,8809399372130,BM04 - BẤM MI PRO CLASSIC (Vacosi Pro Classic Curler),Bỏ mẫu,173.0,173.0,1924.0,0.9611111111111111,2001.849710982659,
233.0,8809399372369,,,0.0,0.0,0.0,,,
234.0,6970758092883,BM10 - BẤM MI MINI VACOSI BỎ TÚI (Vacosi Mini Portable Curler),,97.0,97.0,4694.0,0.5388888888888889,8710.515463917527,
235.0,6970758092975,"BM08 - BẤM MI VACOSI PRO CLASSIC VÀNG TÍM (Vacosi Pro Classic Curler, Violet Gold)",,738.0,738.0,3980.0,4.1,970.7317073170733,
236.0,6970758093064,BM11 - BẤM MI VACOSI FORCE LÒ XO (Vacosi Force Eyelash Curler),,277.0,277.0,3904.0,1.538888888888889,2536.8953068592054,
237.0,6970758093071,BM12 - BẤM MI VACOSI TITAN GÓC RỘNG (Vacosi Titan Eyelash Curler),,240.0,240.0,1559.0,1.3333333333333333,1169.25,
238.0,6970758092999,BM13 - BẤM MI VACOSI LAPIS CÁN ĐEN (Vacosi Lapis Eyelash Curler),,297.0,297.0,4173.0,1.65,2529.090909090909,
239.0,6970758092982,BM14 - BẤM MI VACOSI SPACE TINH TẾ (Vacosi Space Eyelash Curler),,62.0,62.0,3385.0,0.34444444444444444,9827.41935483871,
240.0,2200812000009,VM16 - MIẾNG DÁN MÍ DẠNG LƯỚI (Vacosi Invisible Fiber Tape),Bỏ mẫu,40.0,40.0,528.0,0.2222222222222222,2376.0,
241.0,8809399370860-01,VM11-01 - MIẾNG DÁN KÍCH MÍ (HỘP VUÔNG) SIZE S (Vacosi Eyelid Tape),Bỏ mẫu,43.0,43.0,2852.0,0.2388888888888889,11938.60465116279,
242.0,8809399370860-02,VM11-02 - MIẾNG DÁN KÍCH MÍ (HỘP VUÔNG) SIZE L (Vacosi Eyelid Tape),Bỏ mẫu,34.0,34.0,1867.0,0.18888888888888888,9884.117647058823,
243.0,6970758092890,"VM27-EL04 - MIẾNG KÍCH MÍ TÀNG HÌNH VACOSI, LINH HOẠT (Vacosi Double Eyelid Tape EL04)",Bỏ mẫu,53.0,53.0,1267.0,0.29444444444444445,4303.018867924528,
244.0,6970758092906,"VM27-EL03 - MIẾNG KÍCH MÍ TÀNG HÌNH VACOSI, NÂNG MÍ (Vacosi Double Eyelid Tape EL03)",Bỏ mẫu,97.0,97.0,598.0,0.5388888888888889,1109.6907216494847,
245.0,6970758092913,"VM27-EL02 MIẾNG KÍCH MÍ TÀNG HÌNH VACOSI, MẢNH (Vacosi Double Eyelid Tape EL02)",Bỏ mẫu,13.0,13.0,109.0,0.07222222222222222,1509.2307692307693,
246.0,6970758092920,"VM27-EL01 MIẾNG KÍCH MÍ TÀNG HÌNH VACOSI, NGẮN (Vacosi Double Eyelid Tape EL01)",Bỏ mẫu,3.0,3.0,82.0,0.016666666666666666,4920.0,
247.0,6970758099042,"DC12-FL - MIẾNG RỬA MẶT SILICONE VACOSI ĐA NĂNG (Vacosi Silicone Face Cleanser, Large Fuschia)",,33.0,33.0,3730.0,0.18333333333333332,20345.454545454548,
248.0,6970758099059,"DC12-HL - MIẾNG RỬA MẶT SILICONE VACOSI ĐA NĂNG, LỚN (Vacosi Silicone Face Cleanser, Large Pink)",,28.0,28.0,4701.0,0.15555555555555556,30220.714285714286,
249.0,6970758099066,"DC12-HN - MIẾNG RỬA MẶT SILICONE VACOSI ĐA NĂNG, NHỎ (Vacosi Silicone Face Cleanser, Small Pink)",,131.0,131.0,5774.0,0.7277777777777777,7933.740458015268,
250.0,6970758099073,"DC12-XN - MIẾNG RỬA MẶT SILICONE VACOSI ĐA NĂNG, NHỎ (Vacosi Silicone Face Cleanser, Small Blue)",,44.0,44.0,8630.0,0.24444444444444444,35304.545454545456,
251.0,8809399376015,VMP03 - KEM LÀM SÁNG VÙNG DA DƯỚI CÁNH TAY (Vacosi Whitening Armpit Cream 30ml),Bỏ mẫu,41.0,41.0,8417.0,0.22777777777777777,36952.68292682927,
252.0,2200682000000-05,VACOSI POINTED TWEEZERS (T05 - Nhíp nối mi thẳng),,1.0,1.0,60.0,0.005555555555555556,10800.0,
253.0,2200682000000-06,VACOSI POINTED TWEEZERS (T06 - Nhíp nối mi thẳng (đen)),,2.0,2.0,44.0,0.011111111111111112,3960.0,
254.0,2200685000007-03,VACOSI FOOT PEELING (P04 - Chà gót chân),,609.0,609.0,130.0,3.3833333333333333,38.423645320197046,479.0
255.0,2200699000000,RC01 - DỤNG CỤ RỬA CỌ BRUSHEGG (Vacosi Brushegg),,0.0,0.0,1.0,,,
256.0,2200709000006-01,VP06 - PHẤN MẮT 3 MÀU (HỘP TRÒN) (Vacosi Natural Studio Trio Eyeshadow 5G) số 01,,0.0,0.0,1121.0,,,
257.0,2200827000001,DC03 - DỤNG CỤ RỬA MẶT BOOVER (Vacosi Boover Cleanser),,1.0,1.0,80.0,0.005555555555555556,14400.0,
258.0,2200885000005,M28 - CỌ TẠO KHỐI ĐẦU CONG (Vacosi Curved Sculpting Brush),,0.0,0.0,1.0,,,
259.0,2200886000004,F07 - CỌ ĐÁNH KHỐI ĐẦU DẸP VACOSI (Vacosi Flat Contour Brush),,0.0,0.0,1.0,,,
260.0,2200917000003-01,Gift - PK02 VACOSI PRS SMALL ROUND PRO PUFF - Bông phấn khô tròn nhỏ PRO (Bịch 1 cái),,8.0,8.0,690.0,0.044444444444444446,15525.0,
261.0,2201004000005,VM12 - KEO DÁN MI 8ML (Vacosi Natural Studio Eyelash 3D Primer),,0.0,0.0,78.0,,,
262.0,2201006000003-22,Gift - Blind box hộp mù móc khóa Noel 2025 (Ecom),,575.0,575.0,-35.0,3.1944444444444446,-10.956521739130434,610.0
263.0,2201006000003-23,Gift - Lịch Mini 2026 (Ecom),,3864.0,3864.0,3667.0,21.466666666666665,170.82298136645963,197.0
264.0,6970758093057,"BP43 - SET 3 BÔNG VÁT XÉO ĐÔI VACOSI VERSATILE, TÍM ( Vacosi Versatile Makeup Blender Set - Dewberry, 3pc)",,64.0,64.0,2874.0,0.35555555555555557,8083.125,
265.0,6970758099134,BP41 - BÔNG KIM TỰ THÁP VACOSI VERSATILE (Vacosi Versatile Makeup Sponge),,24.0,24.0,4043.0,0.13333333333333333,30322.5,
266.0,8809399376282,"VM25 - BÚT KẺ MẮT NƯỚC VACOSI 24H KHÔNG LEM (Vacosi Natural Studio 24h Waterproof Pen 0,6g) số 01",,0.0,0.0,26.0,,,
267.0,8809399376305,"VM26 - CHÌ VẶN KẺ MẮT VACOSI DẠNG GEL 0,1G (Vacosi Natural Studio Styling Twist Liner) ",,0.0,0.0,4.0,,,
268.0,8809399378880,VM24-01 - BÚT KẺ MẮT NƯỚC WATERPROOF SIÊU LÌ 5ML SỐ 01 (Vacosi Natural Studio Waterproof Eyeliner),,0.0,0.0,57.0,,,
269.0,8809420280380-01,VM21-01 - CHÌ MÀY ĐỊNH HÌNH VACOSI ALL IN ONE SỐ 01 (Vacosi Natural Studio Dual Eyebrow Shape Pen 5ml #01),,0.0,0.0,1.0,,,
270.0,8809420280380-04,VM21-04 - CHÌ MÀY ĐỊNH HÌNH VACOSI ALL IN ONE SỐ 04 (Vacosi Natural Studio Dual Eyebrow Shape Pen 5ml #04),,0.0,0.0,2.0,,,
271.0,8809491947601,VS15-S4 - SON THỎI MỊN LÌ VACOSI - S4 Poise (Vacosi Matte Lipstick S4 3.3G),,207.0,207.0,4752.0,1.15,4132.173913043479,
272.0,8809491947618,VS15-S5 - SON THỎI MỊN LÌ VACOSI - S5 Reign (Vacosi Matte Lipstick S5 3.3G),,137.0,137.0,4823.0,0.7611111111111111,6336.788321167884,
273.0,8809491947625,VS15-S6 - VACOSI MATTE LIPSTICK #S6 Flair (Son thỏi mịn lì Vacosi - S6),,172.0,172.0,4738.0,0.9555555555555556,4958.372093023256,
274.0,CARD,QT008 - Card Thank you Vacosi,,0.0,0.0,19.0,,,
275.0,CM13-EC,CM13 - CỌ MẮT 2 ĐẦU MOUSSE VACOSI (VACOSI DUAL EYESHADOW SPONGE) ( 5 cây),,0.0,0.0,300.0,,,
276.0,DC14,"Soap Rửa Cọ Trang Điểm VACOSI - DC14  Dễ Làm Sạch, Chuyên Dụng (Màu Trắng)",,38.0,38.0,90.0,0.2111111111111111,426.3157894736842,
277.0,TMK,"TMK-01 TÚI ĐỰNG ĐỒ TRANG ĐIỂM VACOSI, MÀU ĐEN CHỮ NHẬT (VACOSI MAKEUP BAG, BLACK CANVAS)",,0.0,0.0,2393.0,,,
278.0,TMK02,"TMK-02 - TÚI ĐỰNG ĐỒ TRANG ĐIỂM VACOSI, LƯỚI ĐỎ ( VACOSI MAKEUP BAG, RED NYLON)",,0.0,0.0,2071.0,,,
279.0,TMK03,TMK-03 - TÚI ĐỰNG ĐỒ TRANG ĐIỂM VACOSI LƯỚI XANH (VACOSI MAKEUP BAG BLUE NYLON),,0.0,0.0,1821.0,,,
